{
  "atlantic-seaboard": "/location/cape-town/atlantic-seaboard",
  "bantry-bay": "/location/cape-town/bantry-bay",
  "bellville": "/location/cape-town/bellville",
  "bergvliet": "/location/cape-town/bergvliet",
  "bishopscourt": "/location/cape-town/bishopscourt",
  "bloubergstrand": "/location/cape-town/bloubergstrand",
  "brackenfell": "/location/cape-town/brackenfell",
  "camps-bay": "/location/cape-town/camps-bay",
  "city-bowl": "/location/cape-town/city-bowl",
  "city-centre": "/location/cape-town/city-centre",
  "claremont": "/location/cape-town/claremont",
  "clifton": "/location/cape-town/clifton",
  "constantia": "/location/cape-town/constantia",
  "durbanville": "/location/cape-town/durbanville",
  "false-bay": "/location/cape-town/false-bay",
  "fish-hoek": "/location/cape-town/fish-hoek",
  "fresnaye": "/location/cape-town/fresnaye",
  "gardens": "/location/cape-town/gardens",
  "green-point": "/location/cape-town/green-point",
  "helderberg-winelands": "/location/cape-town/helderberg-winelands",
  "hout-bay": "/location/cape-town/hout-bay",
  "kalk-bay": "/location/cape-town/kalk-bay",
  "kenilworth": "/location/cape-town/kenilworth",
  "kommetjie": "/location/cape-town/kommetjie",
  "lakeside": "/location/cape-town/lakeside",
  "milnerton": "/location/cape-town/milnerton",
  "mouille-point": "/location/cape-town/mouille-point",
  "muizenberg": "/location/cape-town/muizenberg",
  "newlands": "/location/cape-town/newlands",
  "noordhoek": "/location/cape-town/noordhoek",
  "northern-suburbs": "/location/pretoria/northern-suburbs",
  "observatory": "/location/cape-town/observatory",
  "oranjezicht": "/location/cape-town/oranjezicht",
  "cape-town": "/location/cape-town",
  "parow": "/location/cape-town/parow",
  "plumstead": "/location/cape-town/plumstead",
  "rondebosch": "/location/cape-town/rondebosch",
  "scarborough": "/location/cape-town/scarborough",
  "sea-point": "/location/cape-town/sea-point",
  "simons-town": "/location/cape-town/simons-town",
  "somerset-west": "/location/cape-town/somerset-west",
  "southern-suburbs": "/location/pretoria/southern-suburbs",
  "stellenbosch": "/location/cape-town/stellenbosch",
  "strand": "/location/cape-town/strand",
  "table-view": "/location/cape-town/table-view",
  "tamboerskloof": "/location/cape-town/tamboerskloof",
  "tokai": "/location/cape-town/tokai",
  "waterfront": "/location/cape-town/waterfront",
  "west-coast": "/location/cape-town/west-coast",
  "woodstock": "/location/cape-town/woodstock",
  "wynberg": "/location/cape-town/wynberg",
  "amanzimtoti": "/location/durban/amanzimtoti",
  "ballito": "/location/durban/ballito",
  "berea": "/location/durban/berea",
  "bluff": "/location/durban/bluff",
  "central": "/location/pretoria/central",
  "chatsworth": "/location/durban/chatsworth",
  "coastal-north": "/location/durban/coastal-north",
  "durban-cbd": "/location/durban/durban-cbd",
  "durban-north": "/location/durban/durban-north",
  "glenwood": "/location/durban/glenwood",
  "greyville": "/location/durban/greyville",
  "hillcrest": "/location/durban/hillcrest",
  "kloof": "/location/durban/kloof",
  "la-lucia": "/location/durban/la-lucia",
  "montclair": "/location/durban/montclair",
  "morningside": "/location/durban/morningside",
  "musgrave": "/location/durban/musgrave",
  "durban": "/location/durban",
  "pinetown": "/location/durban/pinetown",
  "queensburgh": "/location/durban/queensburgh",
  "sherwood": "/location/durban/sherwood",
  "south-coast": "/location/durban/south-coast",
  "umdloti": "/location/durban/umdloti",
  "umhlanga": "/location/durban/umhlanga",
  "umkomaas": "/location/durban/umkomaas",
  "upper-areas": "/location/durban/upper-areas",
  "warner-beach": "/location/durban/warner-beach",
  "wentworth": "/location/durban/wentworth",
  "western-suburbs": "/location/pretoria/western-suburbs",
  "westville": "/location/durban/westville",
  "windermere": "/location/durban/windermere",
  "bedfordview": "/location/johannesburg/bedfordview",
  "benoni": "/location/johannesburg/benoni",
  "boksburg": "/location/johannesburg/boksburg",
  "braamfontein": "/location/johannesburg/braamfontein",
  "bryanston": "/location/johannesburg/bryanston",
  "eastern-suburbs": "/location/pretoria/eastern-suburbs",
  "edenvale": "/location/johannesburg/edenvale",
  "florida": "/location/johannesburg/florida",
  "fourways": "/location/johannesburg/fourways",
  "halfway-house": "/location/johannesburg/halfway-house",
  "honeydew": "/location/johannesburg/honeydew",
  "houghton": "/location/johannesburg/houghton",
  "hyde-park": "/location/johannesburg/hyde-park",
  "inner-city": "/location/johannesburg/inner-city",
  "johannesburg-cbd": "/location/johannesburg/johannesburg-cbd",
  "kempton-park": "/location/johannesburg/kempton-park",
  "melrose": "/location/johannesburg/melrose",
  "midrand": "/location/johannesburg/midrand",
  "mondeor": "/location/johannesburg/mondeor",
  "johannesburg": "/location/johannesburg",
  "parktown": "/location/johannesburg/parktown",
  "parktown-north": "/location/johannesburg/parktown-north",
  "randburg": "/location/johannesburg/randburg",
  "roodepoort": "/location/johannesburg/roodepoort",
  "rosebank": "/location/johannesburg/rosebank",
  "rosettenville": "/location/johannesburg/rosettenville",
  "sandton": "/location/johannesburg/sandton",
  "southgate": "/location/johannesburg/southgate",
  "turffontein": "/location/johannesburg/turffontein",
  "waterfall": "/location/johannesburg/waterfall",
  "westcliff": "/location/johannesburg/westcliff",
  "location": "/location",
  "annlin": "/location/pretoria/annlin",
  "arcadia": "/location/pretoria/arcadia",
  "brooklyn": "/location/pretoria/brooklyn",
  "centurion": "/location/pretoria/centurion",
  "constantia-park": "/location/pretoria/constantia-park",
  "elarduspark": "/location/pretoria/elarduspark",
  "eldoraigne": "/location/pretoria/eldoraigne",
  "erasmuskloof": "/location/pretoria/erasmuskloof",
  "faerie-glen": "/location/pretoria/faerie-glen",
  "garsfontein": "/location/pretoria/garsfontein",
  "golf-estates": "/location/pretoria/golf-estates",
  "groenkloof": "/location/pretoria/groenkloof",
  "hatfield": "/location/pretoria/hatfield",
  "heuwelsig": "/location/pretoria/heuwelsig",
  "irene": "/location/pretoria/irene",
  "lynnwood": "/location/pretoria/lynnwood",
  "menlyn": "/location/pretoria/menlyn",
  "montana": "/location/pretoria/montana",
  "mooikloof": "/location/pretoria/mooikloof",
  "moreleta-park": "/location/pretoria/moreleta-park",
  "pretoria": "/location/pretoria",
  "pretoria-cbd": "/location/pretoria/pretoria-cbd",
  "pretoria-north": "/location/pretoria/pretoria-north",
  "silver-lakes": "/location/pretoria/silver-lakes",
  "sunnyside": "/location/pretoria/sunnyside",
  "waterkloof": "/location/pretoria/waterkloof",
  "wonderboom": "/location/pretoria/wonderboom",
  "woodhill": "/location/pretoria/woodhill"
}